TSNE1,TSNE2,Family
-480.6413,-4.362093,JH78C0A33A1B472A8C16123FD696A5CE5EBB
-620.2508,274.1005,NBV_8B75BCBFF174C25A0161F30758509A44
-133.21593,1060.4222,POL55_A4F1ECC4D25B33395196B5D51A06790
-51.221638,-209.3936,6FAA4740F99408D4D2DDDD0B09BBDEFD
-222.84923,240.73596,A316D5AECA269CA865077E7FFF356E7D
-51.221638,-209.3936,650A6FCA433EE243391E4B4C11F09438
709.7801,-809.47626,QW2_4C6BDDCCA2695D6202DF38708E14FC7E
1045.7987,-112.88898,AAAz2E1B6940985A23E5639450F8391820655
296.34195,138.97935,RTC_7F85D7F628CE62D1D8F7B39D8940472
-51.221638,-209.3936,1F2EB7B090018D975E6D9B40868C94CA
-51.221638,-209.3936,B07322743778B5868475DBE66EEDAC4F
1045.7987,-112.88898,PL98_BD8B082B7711BC980252F988BB0CA936
-133.21593,1060.4222,DS22_A670D13D4D014169C4080328B8FEB86
-133.21593,1060.4222,GBV66_8F259BB36E00D124963CFA9B86F502E
-51.221638,-209.3936,65018CD542145A3792BA09985734C12A
-51.221638,-209.3936,33DE5067A433A6EC5C328067DC18EC37
138.44731,-1070.029,VC990_468FF2C12CFFC7E5B2FE0EE6BB3B239E
382.06058,-313.08972,VBMM9_149B7BD7218AAB4E257D28469FDDB0D
-51.221638,-209.3936,JKK8CA6FE7A1315AF5AFEAC2961460A80569
-133.21593,1060.4222,K99_C3A9A7B026BFE0E55FF219FD6AA7D94
-222.84923,240.73596,BVJ2D9FBF759F527AF373E34673DC3ACA462
75.7732,454.9635,FHHH6576C196385407B0F7F4B1B537D88983
1045.7987,-112.88898,AL65_DB05DF0498B59B42A8E493CF3C10C578
709.7801,-809.47626,B98hX8E8622C393D7E832D39E620EAD5D3B49
296.34195,138.97935,FGJKJJ1_2BA0D0083976A5C1E3315413CDCFFCD2
296.34195,138.97935,99A39866A657A10949FCB6D634BB30D5
296.34195,138.97935,HJGQDD892986B2249B5214639ECC8AC0223
-628.9933,-479.47574,785003A405BC7A4EBCBB21DDB757BF3F
-133.21593,1060.4222,NV99_C9C9DBF388A8D81D8CFB4D3FC05F8E4
-628.9933,-479.47574,F6655E39465C2FF5B016980D918EA028
-628.9933,-479.47574,F8437E44748D2C3FCF84019766F4E6DC
-628.9933,-479.47574,8442AE37B91F279A9F06DE4C60B286A3
709.7801,-809.47626,FGTR43_EF8E0FB20E7228C7492CCDC59D87C690
-133.21593,1060.4222,SAM_B659D71AE168E774FAAF38DB30F4A84
-628.9933,-479.47574,L11_1415EB8519D13328091CC5C76A624E3D
-628.9933,-479.47574,FTTR9EA3C16194CE354C244C1B74C46CD92E
138.44731,-1070.029,TG78Z__727A6800991EEAD454E53E8AF164A99C
-628.9933,-479.47574,EEE99EC8AA67B05407C01094184C33D2B5A44
-133.21593,1060.4222,KLp90_6D5C8FC4B14559F73B6136D85B94198
-133.21593,1060.4222,GFT4_7DDD3D72EAD03C7518F5D47650C8572
