TSNE1,TSNE2,Family
-480.6413,-4.362093,Fam0
-620.2508,274.1005,Fam0
-133.21593,1060.4222,Fam1
-51.221638,-209.3936,Fam0
-222.84923,240.73596,Fam0
-51.221638,-209.3936,Fam0
709.7801,-809.47626,Fam2
1045.7987,-112.88898,Fam3
296.34195,138.97935,Fam0
-51.221638,-209.3936,Fam0
-51.221638,-209.3936,Fam0
1045.7987,-112.88898,Fam3
-133.21593,1060.4222,Fam1
-133.21593,1060.4222,Fam1
-51.221638,-209.3936,Fam0
-51.221638,-209.3936,Fam0
138.44731,-1070.029,Fam4
382.06058,-313.08972,Fam0
-51.221638,-209.3936,Fam0
-133.21593,1060.4222,Fam1
-222.84923,240.73596,Fam0
75.7732,454.9635,Fam0
1045.7987,-112.88898,Fam3
709.7801,-809.47626,Fam2
296.34195,138.97935,Fam0
296.34195,138.97935,Fam0
296.34195,138.97935,Fam0
-628.9933,-479.47574,Fam0
-133.21593,1060.4222,Fam1
-628.9933,-479.47574,Fam0
-628.9933,-479.47574,Fam0
-628.9933,-479.47574,Fam0
709.7801,-809.47626,Fam2
-133.21593,1060.4222,Fam1
-628.9933,-479.47574,Fam0
-628.9933,-479.47574,Fam0
138.44731,-1070.029,Fam4
-628.9933,-479.47574,Fam0
-133.21593,1060.4222,Fam1
-133.21593,1060.4222,Fam1
